date,region,category,day_of_week,month,orders,units_sold,lost_units_stockout,aov,net_sales_revenue,stock_availability,checkout_latency_ms,conversion_rate,traffic_online,traffic_instore,traffic_wholesale,price_discount_depth,promo_flag,source_system,grain,available_at,traffic_total,weather_temp_c,competitor_price_index
2023-07-01,North,Electronics,5,7,16.8,18.5,0.0,246.03,4547.02,1.0,244.6,0.01881,610.9,199.2,90.0,0.0,0,sales_ops_db,daily,2023-07-02 06:00:00,900.0999999999999,27.6,98.18
2023-07-02,North,Electronics,6,7,18.0,19.8,0.0,248.69,4916.15,1.0,198.4,0.02154,563.1,183.4,83.8,0.0,0,sales_ops_db,daily,2023-07-03 06:00:00,830.3,25.4,98.4
2023-07-03,North,Electronics,0,7,13.7,15.0,0.0,261.58,3935.7,1.0,218.3,0.01728,538.5,172.2,78.8,0.0,0,sales_ops_db,daily,2023-07-04 06:00:00,789.5,30.8,98.15
2023-07-04,North,Electronics,1,7,14.1,15.5,0.0,252.6,3920.39,1.0,220.9,0.01803,539.7,179.4,77.6,0.0,0,sales_ops_db,daily,2023-07-05 06:00:00,796.7,28.4,98.54
2023-07-05,North,Electronics,2,7,12.1,13.3,0.0,238.54,3183.11,1.0,218.4,0.01599,522.9,166.6,75.0,0.0,0,sales_ops_db,daily,2023-07-06 06:00:00,764.5,32.3,99.01
2023-07-06,North,Electronics,3,7,15.0,16.5,0.0,246.72,4075.24,1.0,232.0,0.0182,542.6,179.6,77.9,0.0,0,sales_ops_db,daily,2023-07-07 06:00:00,800.1,27.6,99.58
2023-07-07,North,Electronics,4,7,17.2,19.0,0.0,247.19,4690.4,1.0,215.5,0.01905,588.4,204.2,88.9,0.0,0,sales_ops_db,daily,2023-07-08 06:00:00,881.4999999999999,22.7,99.79
2023-07-08,North,Electronics,5,7,19.9,21.9,0.0,253.75,5552.38,1.0,202.6,0.02036,670.1,210.0,95.6,0.0,0,sales_ops_db,daily,2023-07-09 06:00:00,975.7,22.2,100.34
2023-07-09,North,Electronics,6,7,16.7,18.4,0.0,238.84,4389.5,1.0,187.1,0.01889,588.6,190.9,87.0,0.0,0,sales_ops_db,daily,2023-07-10 06:00:00,866.5,32.8,99.59
2023-07-10,North,Electronics,0,7,13.3,14.6,0.0,252.74,3685.22,1.0,191.2,0.01648,552.7,181.7,79.0,0.0,0,sales_ops_db,daily,2023-07-11 06:00:00,813.4000000000001,33.0,99.46
2023-07-11,North,Electronics,1,7,15.2,16.7,0.0,238.43,3992.5,1.0,216.3,0.01812,567.3,189.5,83.3,0.0,0,sales_ops_db,daily,2023-07-12 06:00:00,840.0999999999999,26.4,99.11
2023-07-12,North,Electronics,2,7,12.3,13.6,0.0,243.61,3302.51,1.0,217.4,0.01575,534.4,176.2,77.5,0.0,0,sales_ops_db,daily,2023-07-13 06:00:00,788.0999999999999,25.7,99.16
2023-07-13,North,Electronics,3,7,14.6,16.0,0.0,257.71,4131.29,1.0,218.3,0.0175,568.0,180.3,84.2,0.0,0,sales_ops_db,daily,2023-07-14 06:00:00,832.5,32.1,98.93
2023-07-14,North,Electronics,4,7,16.2,17.9,0.0,245.05,4376.35,1.0,228.5,0.01767,598.6,208.7,93.4,0.0,0,sales_ops_db,daily,2023-07-15 06:00:00,900.6999999999999,23.1,98.87
2023-07-15,North,Electronics,5,7,19.4,21.3,0.0,249.84,5332.1,1.0,211.9,0.02177,603.2,189.8,89.2,0.0,0,sales_ops_db,daily,2023-07-16 06:00:00,882.2,23.8,99.62
2023-07-16,North,Electronics,6,7,16.2,17.8,0.0,251.45,4473.56,1.0,225.4,0.01839,612.7,192.2,89.5,0.0,0,sales_ops_db,daily,2023-07-17 06:00:00,894.4000000000001,29.2,99.55
2023-07-17,North,Electronics,0,7,14.9,16.4,0.0,249.71,4088.79,1.0,249.9,0.0172,590.9,180.3,83.4,0.0,0,sales_ops_db,daily,2023-07-18 06:00:00,854.6,25.5,99.72
2023-07-18,North,Electronics,1,7,14.4,15.8,0.0,248.52,3937.92,1.0,216.7,0.01754,540.8,177.9,83.0,0.0,0,sales_ops_db,daily,2023-07-19 06:00:00,801.6999999999999,26.9,99.62
2023-07-19,North,Electronics,2,7,15.4,16.9,0.0,256.24,4335.94,1.0,217.8,0.01663,622.7,202.4,94.9,0.0,0,sales_ops_db,daily,2023-07-20 06:00:00,920.0,26.3,99.65
2023-07-20,North,Electronics,3,7,16.1,17.7,0.0,243.95,4316.28,1.0,227.3,0.02089,534.6,170.7,76.6,0.0,0,sales_ops_db,daily,2023-07-21 06:00:00,781.9,28.0,99.66
2023-07-21,North,Electronics,4,7,15.8,17.4,0.0,253.49,4401.18,1.0,227.3,0.01982,547.8,177.5,78.2,0.0,0,sales_ops_db,daily,2023-07-22 06:00:00,803.5,31.7,99.83
2023-07-22,North,Electronics,5,7,16.8,18.4,0.0,241.43,4448.47,1.0,230.6,0.02207,510.1,160.9,76.7,0.0,0,sales_ops_db,daily,2023-07-23 06:00:00,747.7,27.1,100.3
2023-07-23,North,Electronics,6,7,15.2,16.8,0.0,259.08,4343.46,1.0,218.3,0.02028,499.2,156.4,77.2,0.0,0,sales_ops_db,daily,2023-07-24 06:00:00,732.8000000000001,29.0,100.96
2023-07-24,North,Electronics,0,7,10.5,11.5,0.0,253.36,2919.67,1.0,225.3,0.01634,433.6,140.4,62.0,0.0,0,sales_ops_db,daily,2023-07-25 06:00:00,636.0,19.5,101.08
2023-07-25,North,Electronics,1,7,10.2,11.3,0.0,250.7,2825.95,1.0,228.8,0.01641,428.9,134.1,63.4,0.0,0,sales_ops_db,daily,2023-07-26 06:00:00,626.4,26.4,101.32
2023-07-26,North,Electronics,2,7,11.7,12.8,0.0,254.81,3268.05,1.0,221.4,0.0186,426.0,138.3,64.0,0.0,0,sales_ops_db,daily,2023-07-27 06:00:00,628.3,23.6,100.86
2023-07-27,North,Electronics,3,7,11.8,13.0,0.0,256.63,3335.19,1.0,213.5,0.01828,442.2,137.0,64.5,0.0,0,sales_ops_db,daily,2023-07-28 06:00:00,643.7,22.2,100.82
2023-07-28,North,Electronics,4,7,12.1,13.3,0.0,254.09,3387.61,1.0,218.7,0.01923,427.4,137.6,62.8,0.0,0,sales_ops_db,daily,2023-07-29 06:00:00,627.8,23.4,101.2
2023-07-29,North,Electronics,5,7,14.6,16.1,0.0,260.3,4187.69,1.0,213.1,0.02082,477.6,154.1,70.6,0.0,0,sales_ops_db,daily,2023-07-30 06:00:00,702.3000000000001,25.2,101.55
2023-07-30,North,Electronics,6,7,12.1,13.4,0.0,255.79,3415.35,1.0,238.4,0.01846,463.7,148.1,66.5,0.0,0,sales_ops_db,daily,2023-07-31 06:00:00,678.3,29.5,101.63
2023-07-31,North,Electronics,0,7,10.1,11.2,0.0,248.72,2774.18,1.0,212.4,0.01755,401.5,127.6,56.4,0.0,0,sales_ops_db,daily,2023-08-01 06:00:00,585.5,21.6,101.99
